HLA_name,AUC,AUPR
HLA-A:02:01,0.8956819382822447,0.9154313228668315
